{"NAM": 0.5793942175309775, "SVK": 0.00808025032210565, "GUY": 0.10636132315521628, "DMA": 0.011267605633802818, "TCD": 0.08273184881836021, "ERI": 0.05209893746734018, "LBN": 0.011863625892651462, "MKD": 0.019980970504281638, "HTI": 0.1441491511721908, "FIN": 0.005961251862891207, "MNE": 0.018387096774193548, "CZE": 0.0063293537995072965, "AND": 0.008974358974358975, "BHR": 0.01964856230031949, "PRT": 0.02575070821529745, "TTO": 0.019427710843373493, "GRD": 0.003809523809523809, "BGD": 0.10509801324503311, "UGA": 0.13401006267102128, "IRN": 0.014506728264081009, "NRU": 0.03, "KEN": 0.2593145762546139, "BDI": 0.08360229611177299, "MDV": 0.029754601226993863, "IRL": 0.009400179051029543, "MLI": 0.038953238953238954, "RUS": 0.11288402777777778, "VCT": 0.015596330275229357, "MLT": 0.007529411764705882, "BRA": 0.042023589743589745, "ETH": 0.18018026293128195, "CHN": 0.06739474452554745, "ESP": 0.015674938287644536, "MCO": 0.002702702702702703, "ISR": 0.004622641509433962, "CHE": 0.006997829140595071, "CYP": 0.00552536231884058, "GTM": 0.02336494212801562, "ZWE": 0.36366903724095745, "SEN": 0.08949888039533627, "EGY": 0.01228034223064706, "ALB": 0.014126984126984127, "GHA": 0.06242014590116639, "TUN": 0.022272385252069225, "SVN": 0.008373904576436221, "WSM": 0.007526881720430108, "ARE": 0.0015636105188343995, "BEL": 0.009925966547847546, "BLR": 0.058518596565166996, "COG": 0.25099708171206225, "ZAF": 0.770726113659333, "EST": 0.025635103926097, "USA": 0.003583653846153846, "NPL": 0.13264173433658644, "SYC": 0.01868131868131868, "DEU": 0.0052109808834335134, "LCA": 0.005084745762711864, "ZMB": 0.3678293107361731, "BRN": 0.059102244389027433, "SLE": 0.22939847009735745, "PHL": 0.18662407431188735, "IRQ": 0.03261094244557845, "NGA": 0.05652937499999999, "KWT": 0.03198529411764706, "PAN": 0.045432300163132135, "GEO": 0.1320574162679426, "KHM": 0.28978767838496344, "MDA": 0.1524489224741114, "KIR": 0.3, "RWA": 0.0651933191842761, "NLD": 0.00642792657237436, "DJI": 0.5025179856115108, "AUS": 0.005717728976968399, "ISL": 0.006918238993710691, "CAN": 0.004058489128523707, "POL": 0.019657582659231915, "VUT": 0.04915254237288136, "DOM": 0.04152940001996606, "SGP": 0.0316597755463674, "GNB": 0.14234404536862003, "BIH": 0.03614144565782631, "MYS": 0.06838661762625547, "YEM": 0.039757501208100864, "CAF": 0.15540229885057472, "KOR": 0.0992714739753168, "LKA": 0.048629510092008284, "LUX": 0.005708661417322835, "IND": 0.12579727272727273, "LBR": 0.16846892369883779, "PER": 0.1109831527867956, "COK": 0.0, "JOR": 0.005484120836560806, "GAB": 0.2686375321336761, "TON": 0.010576923076923078, "HUN": 0.017383924113829257, "TUR": 0.02294352491058804, "SOM": 0.10864466583644665, "PRK": 0.19076072100464697, "NZL": 0.006982600732600733, "THA": 0.10276648293726091, "FJI": 0.022183507549361207, "GNQ": 0.1225574712643678, "PNG": 0.2349176264761627, "DZA": 0.06078838734047433, "LAO": 0.06383677298311445, "CMR": 0.11904577191621411, "SUR": 0.038857142857142854, "CPV": 0.07479508196721311, "IDN": 0.12566846473029045, "BFA": 0.033043758043758045, "BRB": 0.002142857142857143, "OMN": 0.011166607206564394, "ATG": 0.008045977011494253, "SWZ": 0.9342833193629505, "SAU": 0.016688678553085333, "HND": 0.03806587062065346, "ECU": 0.03396440237317512, "TKM": 0.06406188020626735, "NIU": 0.0, "MRT": 0.06896647270712108, "COL": 0.025598019162450206, "PLW": 0.095, "NER": 0.06508745438530263, "NOR": 0.0068697607851155185, "JAM": 0.005363006202116016, "LVA": 0.044715447154471545, "MAR": 0.09098034258264331, "TZA": 0.1410913214595424, "ITA": 0.0077542183807367505, "BTN": 0.18577405857740587, "JPN": 0.018315748031496062, "TJK": 0.10018355841090862, "HRV": 0.01602120792992162, "STP": 0.06853932584269663, "ARM": 0.0600742490718866, "TUV": 0.13999999999999999, "UZB": 0.07321113471857106, "ARG": 0.01922524396889087, "GRC": 0.004383438343834384, "ROU": 0.0963313663601848, "KAZ": 0.17932290685258465, "FRA": 0.008090968037829546, "BHS": 0.008888888888888889, "KNA": 0.0038461538461538464, "AZE": 0.09229246838922485, "VEN": 0.0228798677822539, "MHL": 0.38653846153846155, "GIN": 0.10411916145641781, "BEN": 0.04038906414300736, "BOL": 0.08486757900955007, "UKR": 0.07906406080347449, "NIC": 0.04422878735829612, "URY": 0.02072953736654804, "CRI": 0.010685224839400428, "SWE": 0.0071093583457684925, "SLV": 0.02782245094885815, "BGR": 0.035850588712951686, "DNK": 0.0065934065934065925, "SYR": 0.017772720939952632, "LTU": 0.06316818774445894, "AFG": 0.09943658004084793, "SLB": 0.06482889733840304, "KGZ": 0.11801649793775777, "MOZ": 0.19265656944965995, "MUS": 0.00999187652315191, "CIV": 0.1223059493070559, "PRY": 0.03809597523219814, "LSO": 0.6539571926331508, "MWI": 0.15009990675369655, "BWA": 0.3876079228034535, "MMR": 0.2645876258881978, "MDG": 0.11909867172675521, "CHL": 0.014413153751967816, "GMB": 0.1207614515169542, "BLZ": 0.04692556634304207, "QAT": 0.03314285714285714, "MEX": 0.01754152542372881, "FSM": 0.16730769230769232, "TGO": 0.04594037424674913, "AUT": 0.008224232325636753, "GBR": 0.013529146392549866, "AGO": 0.25570105887769196, "SRB": 0.024722711723851976, "PAK": 0.15565895953757225, "CUB": 0.007427761035277433, "SDN": 0.07640805564905194, "VNM": 0.11120194953226946, "MNG": 0.1769627718392923}